{
  "validation": {
    "accuracy": 0.9918774366378784,
    "loss": 0.038235731422901154,
    "top3_acc": 0.9998154044151306
  },
  "test": {
    "accuracy": 0.988000750541687,
    "loss": 0.046139176934957504,
    "top3_acc": 0.9994462132453918
  }
}